Name,Energy Usage,Waste Generated,Business Travel
Company 1,1024699.9871999999,49929.88,44083.78333333334
